geo,wst_oper,unit,year,value
ES,DSP_I,KG_HAB,,12
EU27_2020,DSP_I,KG_HAB,,13
ES,DSP_I_RCV_E,KG_HAB,,88
EU27_2020,DSP_I_RCV_E,KG_HAB,,89
ES,DSP_L_OTH,KG_HAB,,164
EU27_2020,DSP_L_OTH,KG_HAB,,165
ES,GEN,KG_HAB,,240
EU27_2020,GEN,KG_HAB,,241
ES,RCV_E,KG_HAB,,370
EU27_2020,RCV_E,KG_HAB,,371
ES,RCY,KG_HAB,,446
EU27_2020,RCY,KG_HAB,,447
ES,RCY_C_D,KG_HAB,,522
EU27_2020,RCY_C_D,KG_HAB,,523
ES,RCY_M,KG_HAB,,598
EU27_2020,RCY_M,KG_HAB,,599
ES,TRT,KG_HAB,,674
EU27_2020,TRT,KG_HAB,,675
ES,DSP_I,KG_HAB,,A
EU27_2020,DSP_I,KG_HAB,,A
ES,DSP_I_RCV_E,KG_HAB,,A
EU27_2020,DSP_I_RCV_E,KG_HAB,,A
ES,DSP_L_OTH,KG_HAB,,A
EU27_2020,DSP_L_OTH,KG_HAB,,A
ES,GEN,KG_HAB,,A
EU27_2020,GEN,KG_HAB,,A
ES,RCV_E,KG_HAB,,A
EU27_2020,RCV_E,KG_HAB,,A
ES,RCY,KG_HAB,,A
EU27_2020,RCY,KG_HAB,,A
ES,RCY_C_D,KG_HAB,,A
EU27_2020,RCY_C_D,KG_HAB,,A
ES,RCY_M,KG_HAB,,A
EU27_2020,RCY_M,KG_HAB,,A
ES,TRT,KG_HAB,,A
EU27_2020,TRT,KG_HAB,,A
ES,DSP_I,KG_HAB,1995.0,0.0
EU27_2020,DSP_I,KG_HAB,1995.0,35.0
ES,DSP_I_RCV_E,KG_HAB,1995.0,24.0
EU27_2020,DSP_I_RCV_E,KG_HAB,1995.0,70.0
ES,DSP_L_OTH,KG_HAB,1995.0,305.0
EU27_2020,DSP_L_OTH,KG_HAB,1995.0,286.0
ES,GEN,KG_HAB,1995.0,505.0
EU27_2020,GEN,KG_HAB,1995.0,467.0
ES,RCV_E,KG_HAB,1995.0,24.0
EU27_2020,RCV_E,KG_HAB,1995.0,34.0
ES,RCY,KG_HAB,1995.0,36.0
EU27_2020,RCY,KG_HAB,1995.0,88.0
ES,RCY_C_D,KG_HAB,1995.0,0.0
EU27_2020,RCY_C_D,KG_HAB,1995.0,33.0
ES,RCY_M,KG_HAB,1995.0,36.0
EU27_2020,RCY_M,KG_HAB,1995.0,54.0
ES,TRT,KG_HAB,1995.0,365.0
EU27_2020,TRT,KG_HAB,1995.0,443.0
ES,DSP_I,KG_HAB,1996.0,0.0
EU27_2020,DSP_I,KG_HAB,1996.0,37.0
ES,DSP_I_RCV_E,KG_HAB,1996.0,24.0
EU27_2020,DSP_I_RCV_E,KG_HAB,1996.0,71.0
ES,DSP_L_OTH,KG_HAB,1996.0,295.0
EU27_2020,DSP_L_OTH,KG_HAB,1996.0,276.0
ES,GEN,KG_HAB,1996.0,530.0
EU27_2020,GEN,KG_HAB,1996.0,478.0
ES,RCV_E,KG_HAB,1996.0,24.0
EU27_2020,RCV_E,KG_HAB,1996.0,34.0
ES,RCY,KG_HAB,1996.0,41.0
EU27_2020,RCY,KG_HAB,1996.0,100.0
ES,RCY_C_D,KG_HAB,1996.0,0.0
EU27_2020,RCY_C_D,KG_HAB,1996.0,38.0
ES,RCY_M,KG_HAB,1996.0,41.0
EU27_2020,RCY_M,KG_HAB,1996.0,62.0
ES,TRT,KG_HAB,1996.0,360.0
EU27_2020,TRT,KG_HAB,1996.0,447.0
ES,DSP_I,KG_HAB,1997.0,0.0
EU27_2020,DSP_I,KG_HAB,1997.0,41.0
ES,DSP_I_RCV_E,KG_HAB,1997.0,35.0
EU27_2020,DSP_I_RCV_E,KG_HAB,1997.0,77.0
ES,DSP_L_OTH,KG_HAB,1997.0,315.0
EU27_2020,DSP_L_OTH,KG_HAB,1997.0,276.0
ES,GEN,KG_HAB,1997.0,554.0
EU27_2020,GEN,KG_HAB,1997.0,491.0
ES,RCV_E,KG_HAB,1997.0,35.0
EU27_2020,RCV_E,KG_HAB,1997.0,36.0
ES,RCY,KG_HAB,1997.0,46.0
EU27_2020,RCY,KG_HAB,1997.0,110.0
ES,RCY_C_D,KG_HAB,1997.0,0.0
EU27_2020,RCY_C_D,KG_HAB,1997.0,41.0
ES,RCY_M,KG_HAB,1997.0,46.0
EU27_2020,RCY_M,KG_HAB,1997.0,69.0
ES,TRT,KG_HAB,1997.0,396.0
EU27_2020,TRT,KG_HAB,1997.0,464.0
ES,DSP_I,KG_HAB,1998.0,0.0
EU27_2020,DSP_I,KG_HAB,1998.0,38.0
ES,DSP_I_RCV_E,KG_HAB,1998.0,37.0
EU27_2020,DSP_I_RCV_E,KG_HAB,1998.0,78.0
ES,DSP_L_OTH,KG_HAB,1998.0,313.0
EU27_2020,DSP_L_OTH,KG_HAB,1998.0,266.0
ES,GEN,KG_HAB,1998.0,557.0
EU27_2020,GEN,KG_HAB,1998.0,487.0
ES,RCV_E,KG_HAB,1998.0,37.0
EU27_2020,RCV_E,KG_HAB,1998.0,40.0
ES,RCY,KG_HAB,1998.0,51.0
EU27_2020,RCY,KG_HAB,1998.0,117.0
ES,RCY_C_D,KG_HAB,1998.0,0.0
EU27_2020,RCY_C_D,KG_HAB,1998.0,42.0
ES,RCY_M,KG_HAB,1998.0,51.0
EU27_2020,RCY_M,KG_HAB,1998.0,75.0
ES,TRT,KG_HAB,1998.0,401.0
EU27_2020,TRT,KG_HAB,1998.0,461.0
ES,DSP_I,KG_HAB,1999.0,0.0
EU27_2020,DSP_I,KG_HAB,1999.0,37.0
ES,DSP_I_RCV_E,KG_HAB,1999.0,35.0
EU27_2020,DSP_I_RCV_E,KG_HAB,1999.0,79.0
ES,DSP_L_OTH,KG_HAB,1999.0,326.0
EU27_2020,DSP_L_OTH,KG_HAB,1999.0,263.0
ES,GEN,KG_HAB,1999.0,606.0
EU27_2020,GEN,KG_HAB,1999.0,500.0
ES,RCV_E,KG_HAB,1999.0,35.0
EU27_2020,RCV_E,KG_HAB,1999.0,42.0
ES,RCY,KG_HAB,1999.0,86.0
EU27_2020,RCY,KG_HAB,1999.0,130.0
ES,RCY_C_D,KG_HAB,1999.0,39.0
EU27_2020,RCY_C_D,KG_HAB,1999.0,45.0
ES,RCY_M,KG_HAB,1999.0,48.0
EU27_2020,RCY_M,KG_HAB,1999.0,85.0
ES,TRT,KG_HAB,1999.0,447.0
EU27_2020,TRT,KG_HAB,1999.0,472.0
ES,DSP_I,KG_HAB,2000.0,0.0
EU27_2020,DSP_I,KG_HAB,2000.0,37.0
ES,DSP_I_RCV_E,KG_HAB,2000.0,36.0
EU27_2020,DSP_I_RCV_E,KG_HAB,2000.0,84.0
ES,DSP_L_OTH,KG_HAB,2000.0,334.0
EU27_2020,DSP_L_OTH,KG_HAB,2000.0,262.0
ES,GEN,KG_HAB,2000.0,653.0
EU27_2020,GEN,KG_HAB,2000.0,513.0
ES,RCV_E,KG_HAB,2000.0,36.0
EU27_2020,RCV_E,KG_HAB,2000.0,47.0
ES,RCY,KG_HAB,2000.0,120.0
EU27_2020,RCY,KG_HAB,2000.0,140.0
ES,RCY_C_D,KG_HAB,2000.0,77.0
EU27_2020,RCY_C_D,KG_HAB,2000.0,53.0
ES,RCY_M,KG_HAB,2000.0,44.0
EU27_2020,RCY_M,KG_HAB,2000.0,87.0
ES,TRT,KG_HAB,2000.0,491.0
EU27_2020,TRT,KG_HAB,2000.0,486.0
ES,DSP_I,KG_HAB,2001.0,0.0
EU27_2020,DSP_I,KG_HAB,2001.0,37.0
ES,DSP_I_RCV_E,KG_HAB,2001.0,36.0
EU27_2020,DSP_I_RCV_E,KG_HAB,2001.0,87.0
ES,DSP_L_OTH,KG_HAB,2001.0,360.0
EU27_2020,DSP_L_OTH,KG_HAB,2001.0,250.0
ES,GEN,KG_HAB,2001.0,652.0
EU27_2020,GEN,KG_HAB,2001.0,509.0
ES,RCV_E,KG_HAB,2001.0,36.0
EU27_2020,RCV_E,KG_HAB,2001.0,49.0
ES,RCY,KG_HAB,2001.0,140.0
EU27_2020,RCY,KG_HAB,2001.0,146.0
ES,RCY_C_D,KG_HAB,2001.0,67.0
EU27_2020,RCY_C_D,KG_HAB,2001.0,54.0
ES,RCY_M,KG_HAB,2001.0,72.0
EU27_2020,RCY_M,KG_HAB,2001.0,92.0
ES,TRT,KG_HAB,2001.0,536.0
EU27_2020,TRT,KG_HAB,2001.0,483.0
ES,DSP_I,KG_HAB,2002.0,0.0
EU27_2020,DSP_I,KG_HAB,2002.0,38.0
ES,DSP_I_RCV_E,KG_HAB,2002.0,38.0
EU27_2020,DSP_I_RCV_E,KG_HAB,2002.0,90.0
ES,DSP_L_OTH,KG_HAB,2002.0,355.0
EU27_2020,DSP_L_OTH,KG_HAB,2002.0,241.0
ES,GEN,KG_HAB,2002.0,637.0
EU27_2020,GEN,KG_HAB,2002.0,515.0
ES,RCV_E,KG_HAB,2002.0,38.0
EU27_2020,RCV_E,KG_HAB,2002.0,52.0
ES,RCY,KG_HAB,2002.0,186.0
EU27_2020,RCY,KG_HAB,2002.0,157.0
ES,RCY_C_D,KG_HAB,2002.0,94.0
EU27_2020,RCY_C_D,KG_HAB,2002.0,57.0
ES,RCY_M,KG_HAB,2002.0,92.0
EU27_2020,RCY_M,KG_HAB,2002.0,100.0
ES,TRT,KG_HAB,2002.0,580.0
EU27_2020,TRT,KG_HAB,2002.0,488.0
ES,DSP_I,KG_HAB,2003.0,0.0
EU27_2020,DSP_I,KG_HAB,2003.0,36.0
ES,DSP_I_RCV_E,KG_HAB,2003.0,42.0
EU27_2020,DSP_I_RCV_E,KG_HAB,2003.0,90.0
ES,DSP_L_OTH,KG_HAB,2003.0,360.0
EU27_2020,DSP_L_OTH,KG_HAB,2003.0,229.0
ES,GEN,KG_HAB,2003.0,646.0
EU27_2020,GEN,KG_HAB,2003.0,502.0
ES,RCV_E,KG_HAB,2003.0,42.0
EU27_2020,RCV_E,KG_HAB,2003.0,54.0
ES,RCY,KG_HAB,2003.0,186.0
EU27_2020,RCY,KG_HAB,2003.0,156.0
ES,RCY_C_D,KG_HAB,2003.0,96.0
EU27_2020,RCY_C_D,KG_HAB,2003.0,57.0
ES,RCY_M,KG_HAB,2003.0,89.0
EU27_2020,RCY_M,KG_HAB,2003.0,100.0
ES,TRT,KG_HAB,2003.0,587.0
EU27_2020,TRT,KG_HAB,2003.0,475.0
ES,DSP_I,KG_HAB,2004.0,0.0
EU27_2020,DSP_I,KG_HAB,2004.0,38.0
ES,DSP_I_RCV_E,KG_HAB,2004.0,31.0
EU27_2020,DSP_I_RCV_E,KG_HAB,2004.0,95.0
ES,DSP_L_OTH,KG_HAB,2004.0,304.0
EU27_2020,DSP_L_OTH,KG_HAB,2004.0,214.0
ES,GEN,KG_HAB,2004.0,600.0
EU27_2020,GEN,KG_HAB,2004.0,500.0
ES,RCV_E,KG_HAB,2004.0,31.0
EU27_2020,RCV_E,KG_HAB,2004.0,58.0
ES,RCY,KG_HAB,2004.0,185.0
EU27_2020,RCY,KG_HAB,2004.0,159.0
ES,RCY_C_D,KG_HAB,2004.0,98.0
EU27_2020,RCY_C_D,KG_HAB,2004.0,59.0
ES,RCY_M,KG_HAB,2004.0,87.0
EU27_2020,RCY_M,KG_HAB,2004.0,100.0
ES,TRT,KG_HAB,2004.0,521.0
EU27_2020,TRT,KG_HAB,2004.0,469.0
ES,DSP_I,KG_HAB,2005.0,0.0
EU27_2020,DSP_I,KG_HAB,2005.0,41.0
ES,DSP_I_RCV_E,KG_HAB,2005.0,44.0
EU27_2020,DSP_I_RCV_E,KG_HAB,2005.0,103.0
ES,DSP_L_OTH,KG_HAB,2005.0,288.0
EU27_2020,DSP_L_OTH,KG_HAB,2005.0,202.0
ES,GEN,KG_HAB,2005.0,588.0
EU27_2020,GEN,KG_HAB,2005.0,506.0
ES,RCV_E,KG_HAB,2005.0,44.0
EU27_2020,RCV_E,KG_HAB,2005.0,61.0
ES,RCY,KG_HAB,2005.0,185.0
EU27_2020,RCY,KG_HAB,2005.0,164.0
ES,RCY_C_D,KG_HAB,2005.0,100.0
EU27_2020,RCY_C_D,KG_HAB,2005.0,59.0
ES,RCY_M,KG_HAB,2005.0,84.0
EU27_2020,RCY_M,KG_HAB,2005.0,105.0
ES,TRT,KG_HAB,2005.0,517.0
EU27_2020,TRT,KG_HAB,2005.0,469.0
ES,DSP_I,KG_HAB,2006.0,8.0
EU27_2020,DSP_I,KG_HAB,2006.0,41.0
ES,DSP_I_RCV_E,KG_HAB,2006.0,54.0
EU27_2020,DSP_I_RCV_E,KG_HAB,2006.0,111.0
ES,DSP_L_OTH,KG_HAB,2006.0,353.0
EU27_2020,DSP_L_OTH,KG_HAB,2006.0,202.0
ES,GEN,KG_HAB,2006.0,590.0
EU27_2020,GEN,KG_HAB,2006.0,513.0
ES,RCV_E,KG_HAB,2006.0,46.0
EU27_2020,RCV_E,KG_HAB,2006.0,70.0
ES,RCY,KG_HAB,2006.0,184.0
EU27_2020,RCY,KG_HAB,2006.0,170.0
ES,RCY_C_D,KG_HAB,2006.0,102.0
EU27_2020,RCY_C_D,KG_HAB,2006.0,61.0
ES,RCY_M,KG_HAB,2006.0,82.0
EU27_2020,RCY_M,KG_HAB,2006.0,109.0
ES,TRT,KG_HAB,2006.0,590.0
EU27_2020,TRT,KG_HAB,2006.0,482.0
ES,DSP_I,KG_HAB,2007.0,9.0
EU27_2020,DSP_I,KG_HAB,2007.0,37.0
ES,DSP_I_RCV_E,KG_HAB,2007.0,57.0
EU27_2020,DSP_I_RCV_E,KG_HAB,2007.0,112.0
ES,DSP_L_OTH,KG_HAB,2007.0,344.0
EU27_2020,DSP_L_OTH,KG_HAB,2007.0,199.0
ES,GEN,KG_HAB,2007.0,578.0
EU27_2020,GEN,KG_HAB,2007.0,517.0
ES,RCV_E,KG_HAB,2007.0,49.0
EU27_2020,RCV_E,KG_HAB,2007.0,75.0
ES,RCY,KG_HAB,2007.0,177.0
EU27_2020,RCY,KG_HAB,2007.0,182.0
ES,RCY_C_D,KG_HAB,2007.0,99.0
EU27_2020,RCY_C_D,KG_HAB,2007.0,64.0
ES,RCY_M,KG_HAB,2007.0,77.0
EU27_2020,RCY_M,KG_HAB,2007.0,119.0
ES,TRT,KG_HAB,2007.0,578.0
EU27_2020,TRT,KG_HAB,2007.0,493.0
ES,DSP_I,KG_HAB,2008.0,0.0
EU27_2020,DSP_I,KG_HAB,2008.0,36.0
ES,DSP_I_RCV_E,KG_HAB,2008.0,47.0
EU27_2020,DSP_I_RCV_E,KG_HAB,2008.0,116.0
ES,DSP_L_OTH,KG_HAB,2008.0,285.0
EU27_2020,DSP_L_OTH,KG_HAB,2008.0,190.0
ES,GEN,KG_HAB,2008.0,551.0
EU27_2020,GEN,KG_HAB,2008.0,517.0
ES,RCV_E,KG_HAB,2008.0,47.0
EU27_2020,RCV_E,KG_HAB,2008.0,80.0
ES,RCY,KG_HAB,2008.0,219.0
EU27_2020,RCY,KG_HAB,2008.0,189.0
ES,RCY_C_D,KG_HAB,2008.0,134.0
EU27_2020,RCY_C_D,KG_HAB,2008.0,69.0
ES,RCY_M,KG_HAB,2008.0,85.0
EU27_2020,RCY_M,KG_HAB,2008.0,120.0
ES,TRT,KG_HAB,2008.0,551.0
EU27_2020,TRT,KG_HAB,2008.0,495.0
ES,DSP_I,KG_HAB,2009.0,0.0
EU27_2020,DSP_I,KG_HAB,2009.0,35.0
ES,DSP_I_RCV_E,KG_HAB,2009.0,48.0
EU27_2020,DSP_I_RCV_E,KG_HAB,2009.0,117.0
ES,DSP_L_OTH,KG_HAB,2009.0,314.0
EU27_2020,DSP_L_OTH,KG_HAB,2009.0,185.0
ES,GEN,KG_HAB,2009.0,542.0
EU27_2020,GEN,KG_HAB,2009.0,509.0
ES,RCV_E,KG_HAB,2009.0,48.0
EU27_2020,RCV_E,KG_HAB,2009.0,82.0
ES,RCY,KG_HAB,2009.0,180.0
EU27_2020,RCY,KG_HAB,2009.0,190.0
ES,RCY_C_D,KG_HAB,2009.0,97.0
EU27_2020,RCY_C_D,KG_HAB,2009.0,67.0
ES,RCY_M,KG_HAB,2009.0,82.0
EU27_2020,RCY_M,KG_HAB,2009.0,123.0
ES,TRT,KG_HAB,2009.0,542.0
EU27_2020,TRT,KG_HAB,2009.0,493.0
ES,DSP_I,KG_HAB,2010.0,0.0
EU27_2020,DSP_I,KG_HAB,2010.0,30.0
ES,DSP_I_RCV_E,KG_HAB,2010.0,44.0
EU27_2020,DSP_I_RCV_E,KG_HAB,2010.0,120.0
ES,DSP_L_OTH,KG_HAB,2010.0,318.0
EU27_2020,DSP_L_OTH,KG_HAB,2010.0,178.0
ES,GEN,KG_HAB,2010.0,510.0
EU27_2020,GEN,KG_HAB,2010.0,503.0
ES,RCV_E,KG_HAB,2010.0,44.0
EU27_2020,RCV_E,KG_HAB,2010.0,91.0
ES,RCY,KG_HAB,2010.0,149.0
EU27_2020,RCY,KG_HAB,2010.0,191.0
ES,RCY_C_D,KG_HAB,2010.0,59.0
EU27_2020,RCY_C_D,KG_HAB,2010.0,66.0
ES,RCY_M,KG_HAB,2010.0,90.0
EU27_2020,RCY_M,KG_HAB,2010.0,125.0
ES,TRT,KG_HAB,2010.0,510.0
EU27_2020,TRT,KG_HAB,2010.0,489.0
ES,DSP_I,KG_HAB,2011.0,0.0
EU27_2020,DSP_I,KG_HAB,2011.0,26.0
ES,DSP_I_RCV_E,KG_HAB,2011.0,50.0
EU27_2020,DSP_I_RCV_E,KG_HAB,2011.0,125.0
ES,DSP_L_OTH,KG_HAB,2011.0,305.0
EU27_2020,DSP_L_OTH,KG_HAB,2011.0,167.0
ES,GEN,KG_HAB,2011.0,485.0
EU27_2020,GEN,KG_HAB,2011.0,499.0
ES,RCV_E,KG_HAB,2011.0,50.0
EU27_2020,RCV_E,KG_HAB,2011.0,99.0
ES,RCY,KG_HAB,2011.0,130.0
EU27_2020,RCY,KG_HAB,2011.0,194.0
ES,RCY_C_D,KG_HAB,2011.0,49.0
EU27_2020,RCY_C_D,KG_HAB,2011.0,66.0
ES,RCY_M,KG_HAB,2011.0,81.0
EU27_2020,RCY_M,KG_HAB,2011.0,128.0
ES,TRT,KG_HAB,2011.0,485.0
EU27_2020,TRT,KG_HAB,2011.0,486.0
ES,DSP_I,KG_HAB,2012.0,0.0
EU27_2020,DSP_I,KG_HAB,2012.0,20.0
ES,DSP_I_RCV_E,KG_HAB,2012.0,45.0
EU27_2020,DSP_I_RCV_E,KG_HAB,2012.0,122.0
ES,DSP_L_OTH,KG_HAB,2012.0,284.0
EU27_2020,DSP_L_OTH,KG_HAB,2012.0,153.0
ES,GEN,KG_HAB,2012.0,468.0
EU27_2020,GEN,KG_HAB,2012.0,487.0
ES,RCV_E,KG_HAB,2012.0,45.0
EU27_2020,RCV_E,KG_HAB,2012.0,102.0
ES,RCY,KG_HAB,2012.0,139.0
EU27_2020,RCY,KG_HAB,2012.0,199.0
ES,RCY_C_D,KG_HAB,2012.0,48.0
EU27_2020,RCY_C_D,KG_HAB,2012.0,69.0
ES,RCY_M,KG_HAB,2012.0,91.0
EU27_2020,RCY_M,KG_HAB,2012.0,130.0
ES,TRT,KG_HAB,2012.0,468.0
EU27_2020,TRT,KG_HAB,2012.0,474.0
ES,DSP_I,KG_HAB,2013.0,0.0
EU27_2020,DSP_I,KG_HAB,2013.0,14.0
ES,DSP_I_RCV_E,KG_HAB,2013.0,53.0
EU27_2020,DSP_I_RCV_E,KG_HAB,2013.0,125.0
ES,DSP_L_OTH,KG_HAB,2013.0,253.0
EU27_2020,DSP_L_OTH,KG_HAB,2013.0,142.0
ES,GEN,KG_HAB,2013.0,455.0
EU27_2020,GEN,KG_HAB,2013.0,479.0
ES,RCV_E,KG_HAB,2013.0,53.0
EU27_2020,RCV_E,KG_HAB,2013.0,112.0
ES,RCY,KG_HAB,2013.0,148.0
EU27_2020,RCY,KG_HAB,2013.0,199.0
ES,RCY_C_D,KG_HAB,2013.0,77.0
EU27_2020,RCY_C_D,KG_HAB,2013.0,71.0
ES,RCY_M,KG_HAB,2013.0,70.0
EU27_2020,RCY_M,KG_HAB,2013.0,128.0
ES,TRT,KG_HAB,2013.0,455.0
EU27_2020,TRT,KG_HAB,2013.0,466.0
ES,DSP_I,KG_HAB,2014.0,0.0
EU27_2020,DSP_I,KG_HAB,2014.0,14.0
ES,DSP_I_RCV_E,KG_HAB,2014.0,52.0
EU27_2020,DSP_I_RCV_E,KG_HAB,2014.0,128.0
ES,DSP_L_OTH,KG_HAB,2014.0,259.0
EU27_2020,DSP_L_OTH,KG_HAB,2014.0,134.0
ES,GEN,KG_HAB,2014.0,448.0
EU27_2020,GEN,KG_HAB,2014.0,479.0
ES,RCV_E,KG_HAB,2014.0,52.0
EU27_2020,RCV_E,KG_HAB,2014.0,114.0
ES,RCY,KG_HAB,2014.0,138.0
EU27_2020,RCY,KG_HAB,2014.0,208.0
ES,RCY_C_D,KG_HAB,2014.0,62.0
EU27_2020,RCY_C_D,KG_HAB,2014.0,74.0
ES,RCY_M,KG_HAB,2014.0,76.0
EU27_2020,RCY_M,KG_HAB,2014.0,134.0
ES,TRT,KG_HAB,2014.0,448.0
EU27_2020,TRT,KG_HAB,2014.0,469.0
ES,DSP_I,KG_HAB,2015.0,0.0
EU27_2020,DSP_I,KG_HAB,2015.0,18.0
ES,DSP_I_RCV_E,KG_HAB,2015.0,58.0
EU27_2020,DSP_I_RCV_E,KG_HAB,2015.0,129.0
ES,DSP_L_OTH,KG_HAB,2015.0,261.0
EU27_2020,DSP_L_OTH,KG_HAB,2015.0,127.0
ES,GEN,KG_HAB,2015.0,456.0
EU27_2020,GEN,KG_HAB,2015.0,481.0
ES,RCV_E,KG_HAB,2015.0,58.0
EU27_2020,RCV_E,KG_HAB,2015.0,110.0
ES,RCY,KG_HAB,2015.0,137.0
EU27_2020,RCY,KG_HAB,2015.0,216.0
ES,RCY_C_D,KG_HAB,2015.0,53.0
EU27_2020,RCY_C_D,KG_HAB,2015.0,75.0
ES,RCY_M,KG_HAB,2015.0,84.0
EU27_2020,RCY_M,KG_HAB,2015.0,141.0
ES,TRT,KG_HAB,2015.0,456.0
EU27_2020,TRT,KG_HAB,2015.0,472.0
ES,DSP_I,KG_HAB,2016.0,0.0
EU27_2020,DSP_I,KG_HAB,2016.0,11.0
ES,DSP_I_RCV_E,KG_HAB,2016.0,56.0
EU27_2020,DSP_I_RCV_E,KG_HAB,2016.0,130.0
ES,DSP_L_OTH,KG_HAB,2016.0,251.0
EU27_2020,DSP_L_OTH,KG_HAB,2016.0,128.0
ES,GEN,KG_HAB,2016.0,464.0
EU27_2020,GEN,KG_HAB,2016.0,494.0
ES,RCV_E,KG_HAB,2016.0,56.0
EU27_2020,RCV_E,KG_HAB,2016.0,119.0
ES,RCY,KG_HAB,2016.0,157.0
EU27_2020,RCY,KG_HAB,2016.0,227.0
ES,RCY_C_D,KG_HAB,2016.0,72.0
EU27_2020,RCY_C_D,KG_HAB,2016.0,81.0
ES,RCY_M,KG_HAB,2016.0,85.0
EU27_2020,RCY_M,KG_HAB,2016.0,145.0
ES,TRT,KG_HAB,2016.0,464.0
EU27_2020,TRT,KG_HAB,2016.0,485.0
ES,DSP_I,KG_HAB,2017.0,0.0
EU27_2020,DSP_I,KG_HAB,2017.0,3.0
ES,DSP_I_RCV_E,KG_HAB,2017.0,60.0
EU27_2020,DSP_I_RCV_E,KG_HAB,2017.0,132.0
ES,DSP_L_OTH,KG_HAB,2017.0,242.0
EU27_2020,DSP_L_OTH,KG_HAB,2017.0,127.0
ES,GEN,KG_HAB,2017.0,473.0
EU27_2020,GEN,KG_HAB,2017.0,500.0
ES,RCV_E,KG_HAB,2017.0,60.0
EU27_2020,RCV_E,KG_HAB,2017.0,129.0
ES,RCY,KG_HAB,2017.0,171.0
EU27_2020,RCY,KG_HAB,2017.0,231.0
ES,RCY_C_D,KG_HAB,2017.0,84.0
EU27_2020,RCY_C_D,KG_HAB,2017.0,84.0
ES,RCY_M,KG_HAB,2017.0,87.0
EU27_2020,RCY_M,KG_HAB,2017.0,147.0
ES,TRT,KG_HAB,2017.0,473.0
EU27_2020,TRT,KG_HAB,2017.0,491.0
ES,DSP_I,KG_HAB,2018.0,0.0
EU27_2020,DSP_I,KG_HAB,2018.0,2.0
ES,DSP_I_RCV_E,KG_HAB,2018.0,55.0
EU27_2020,DSP_I_RCV_E,KG_HAB,2018.0,131.0
ES,DSP_L_OTH,KG_HAB,2018.0,255.0
EU27_2020,DSP_L_OTH,KG_HAB,2018.0,125.0
ES,GEN,KG_HAB,2018.0,475.0
EU27_2020,GEN,KG_HAB,2018.0,500.0
ES,RCV_E,KG_HAB,2018.0,55.0
EU27_2020,RCV_E,KG_HAB,2018.0,128.0
ES,RCY,KG_HAB,2018.0,165.0
EU27_2020,RCY,KG_HAB,2018.0,232.0
ES,RCY_C_D,KG_HAB,2018.0,80.0
EU27_2020,RCY_C_D,KG_HAB,2018.0,84.0
ES,RCY_M,KG_HAB,2018.0,86.0
EU27_2020,RCY_M,KG_HAB,2018.0,147.0
ES,TRT,KG_HAB,2018.0,475.0
EU27_2020,TRT,KG_HAB,2018.0,489.0
ES,DSP_I,KG_HAB,2019.0,0.0
EU27_2020,DSP_I,KG_HAB,2019.0,2.0
ES,DSP_I_RCV_E,KG_HAB,2019.0,52.0
EU27_2020,DSP_I_RCV_E,KG_HAB,2019.0,131.0
ES,DSP_L_OTH,KG_HAB,2019.0,241.0
EU27_2020,DSP_L_OTH,KG_HAB,2019.0,124.0
ES,GEN,KG_HAB,2019.0,472.0
EU27_2020,GEN,KG_HAB,2019.0,505.0
ES,RCV_E,KG_HAB,2019.0,52.0
EU27_2020,RCV_E,KG_HAB,2019.0,129.0
ES,RCY,KG_HAB,2019.0,179.0
EU27_2020,RCY,KG_HAB,2019.0,238.0
ES,RCY_C_D,KG_HAB,2019.0,86.0
EU27_2020,RCY_C_D,KG_HAB,2019.0,88.0
ES,RCY_M,KG_HAB,2019.0,93.0
EU27_2020,RCY_M,KG_HAB,2019.0,150.0
ES,TRT,KG_HAB,2019.0,472.0
EU27_2020,TRT,KG_HAB,2019.0,494.0
ES,DSP_I,KG_HAB,2020.0,0.0
EU27_2020,DSP_I,KG_HAB,2020.0,3.0
ES,DSP_I_RCV_E,KG_HAB,2020.0,47.0
EU27_2020,DSP_I_RCV_E,KG_HAB,2020.0,138.0
ES,DSP_L_OTH,KG_HAB,2020.0,229.0
EU27_2020,DSP_L_OTH,KG_HAB,2020.0,122.0
ES,GEN,KG_HAB,2020.0,463.0
EU27_2020,GEN,KG_HAB,2020.0,521.0
ES,RCV_E,KG_HAB,2020.0,47.0
EU27_2020,RCV_E,KG_HAB,2020.0,135.0
ES,RCY,KG_HAB,2020.0,187.0
EU27_2020,RCY,KG_HAB,2020.0,255.0
ES,RCY_C_D,KG_HAB,2020.0,93.0
EU27_2020,RCY_C_D,KG_HAB,2020.0,97.0
ES,RCY_M,KG_HAB,2020.0,94.0
EU27_2020,RCY_M,KG_HAB,2020.0,156.0
ES,TRT,KG_HAB,2020.0,463.0
EU27_2020,TRT,KG_HAB,2020.0,512.0
ES,DSP_I,KG_HAB,2021.0,0.0
EU27_2020,DSP_I,KG_HAB,2021.0,3.0
ES,DSP_I_RCV_E,KG_HAB,2021.0,51.0
EU27_2020,DSP_I_RCV_E,KG_HAB,2021.0,138.0
ES,DSP_L_OTH,KG_HAB,2021.0,220.0
EU27_2020,DSP_L_OTH,KG_HAB,2021.0,117.0
ES,GEN,KG_HAB,2021.0,482.0
EU27_2020,GEN,KG_HAB,2021.0,534.0
ES,RCV_E,KG_HAB,2021.0,51.0
EU27_2020,RCV_E,KG_HAB,2021.0,135.0
ES,RCY,KG_HAB,2021.0,211.0
EU27_2020,RCY,KG_HAB,2021.0,266.0
ES,RCY_C_D,KG_HAB,2021.0,105.0
EU27_2020,RCY_C_D,KG_HAB,2021.0,102.0
ES,RCY_M,KG_HAB,2021.0,106.0
EU27_2020,RCY_M,KG_HAB,2021.0,163.0
ES,TRT,KG_HAB,2021.0,482.0
EU27_2020,TRT,KG_HAB,2021.0,527.0
ES,DSP_I,KG_HAB,2022.0,0.0
EU27_2020,DSP_I,KG_HAB,2022.0,2.0
ES,DSP_I_RCV_E,KG_HAB,2022.0,49.0
EU27_2020,DSP_I_RCV_E,KG_HAB,2022.0,131.0
ES,DSP_L_OTH,KG_HAB,2022.0,226.0
EU27_2020,DSP_L_OTH,KG_HAB,2022.0,117.0
ES,GEN,KG_HAB,2022.0,482.0
EU27_2020,GEN,KG_HAB,2022.0,515.0
ES,RCV_E,KG_HAB,2022.0,49.0
EU27_2020,RCV_E,KG_HAB,2022.0,128.0
ES,RCY,KG_HAB,2022.0,207.0
EU27_2020,RCY,KG_HAB,2022.0,253.0
ES,RCY_C_D,KG_HAB,2022.0,106.0
EU27_2020,RCY_C_D,KG_HAB,2022.0,98.0
ES,RCY_M,KG_HAB,2022.0,101.0
EU27_2020,RCY_M,KG_HAB,2022.0,154.0
ES,TRT,KG_HAB,2022.0,482.0
EU27_2020,TRT,KG_HAB,2022.0,502.0
ES,DSP_I,KG_HAB,2023.0,0.0
EU27_2020,DSP_I,KG_HAB,2023.0,3.0
ES,DSP_I_RCV_E,KG_HAB,2023.0,49.0
EU27_2020,DSP_I_RCV_E,KG_HAB,2023.0,129.0
ES,DSP_L_OTH,KG_HAB,2023.0,223.0
EU27_2020,DSP_L_OTH,KG_HAB,2023.0,115.0
ES,GEN,KG_HAB,2023.0,465.0
EU27_2020,GEN,KG_HAB,2023.0,511.0
ES,RCV_E,KG_HAB,2023.0,49.0
EU27_2020,RCV_E,KG_HAB,2023.0,127.0
ES,RCY,KG_HAB,2023.0,193.0
EU27_2020,RCY,KG_HAB,2023.0,246.0
ES,RCY_C_D,KG_HAB,2023.0,96.0
EU27_2020,RCY_C_D,KG_HAB,2023.0,99.0
ES,RCY_M,KG_HAB,2023.0,96.0
EU27_2020,RCY_M,KG_HAB,2023.0,147.0
ES,TRT,KG_HAB,2023.0,465.0
EU27_2020,TRT,KG_HAB,2023.0,492.0
